{"packages/country_state_city/lib/assets/city.json":["packages/country_state_city/lib/assets/city.json"],"packages/country_state_city/lib/assets/country.json":["packages/country_state_city/lib/assets/country.json"],"packages/country_state_city/lib/assets/state.json":["packages/country_state_city/lib/assets/state.json"],"packages/cupertino_icons/assets/CupertinoIcons.ttf":["packages/cupertino_icons/assets/CupertinoIcons.ttf"],"packages/flutter_inappwebview/assets/t_rex_runner/t-rex.css":["packages/flutter_inappwebview/assets/t_rex_runner/t-rex.css"],"packages/flutter_inappwebview/assets/t_rex_runner/t-rex.html":["packages/flutter_inappwebview/assets/t_rex_runner/t-rex.html"],"packages/fluttertoast/assets/toastify.css":["packages/fluttertoast/assets/toastify.css"],"packages/fluttertoast/assets/toastify.js":["packages/fluttertoast/assets/toastify.js"]}